{random forest
    "RMSE": 0.049487149737722176,
    "MAE": 0.026800008079854838,
 
    "NSE": 0.42828530527102326
}