{
    "Random Forest": {
        "RMSE": 0.07778561413347927,
        "MAE": 0.05204990820738609,
        "MAPE": 43006246.11879527,
        "NSE": -0.4125149172233211
    },
    "Gradient Boosting": {
        "RMSE": 0.0528749537214389,
        "MAE": 0.035788734222080655,
        "MAPE": 23294967.818099637,
        "NSE": 0.34732876328134676
    },
    "MLP Regressor": {
        "RMSE": 0.10989081302272156,
        "MAE": 0.07730462525208147,
        "MAPE": 94812696.61935331,
        "NSE": -1.8191439109584837
    }
}