{
    "RMSE": 0.04752182450746746,
    "MAE": 0.022721024118380995,

    "NSE": 0.47279358564574947
}